frequency,peptide
1,ACA
1,ACA
1,ADF
1,ADF
1,ADF
1,ADF
1,ADF
1,ADF
1,ADF
1,ADF
1,ADF
2,AH
3,AH
3,AH
2,AH
2,AH
1,AH
1,AH
1,AH
1,AH
1,AH
1,AH
2,AH
2,AH
1,AHH
1,AHK
2,AW
1,AW
1,AW
2,AW
3,AW
1,AW
1,AW
1,AW
1,AW
1,AY
2,AY
4,AY
2,AY
1,AY
1,AY
1,AY
2,AY
2,AY
4,AY
1,AY
1,AY
1,AY
3,AY
4,AY
4,AY
4,AY
1,AY
1,AY
2,AY
2,AY
1,AY
4,AY
2,AY
1,AY
4,AY
1,AY
1,AY
1,AY
1,AY
1,AY
4,AY
3,AY
1,AY
1,AY
1,AY
4,AY
1,AYI
1,AYI
1,AYI
1,AYI
1,AYI
1,AYI
1,AYI
1,AYI
1,AYI
1,AYI
1,AYI
1,AYI
1,AYI
1,AYI
1,AYPS
1,CAQ
1,CGA
1,CHI
1,CLV
1,CW
1,CYY
1,DYK
1,DYY
2,EAK
1,EFLQ
1,EL
1,EL
2,EL
2,EL
1,EL
1,EL
5,EL
1,EL
2,EL
2,EL
1,EL
1,EL
2,EL
2,EL
2,EL
1,EL
4,EL
1,EL
2,EL
1,EL
3,EL
5,EL
3,EL
1,EL
1,EL
4,EL
1,EL
3,EL
1,EL
1,EL
1,EL
5,EL
1,EL
2,EL
3,EL
2,EL
2,EL
2,EL
1,EL
2,EL
3,EL
1,ELLI
1,ERF
1,ERF
1,ERF
1,ERF
1,ERF
1,ERF
1,ERF
1,ERF
1,ERF
1,ERF
1,ERF
1,EYW
1,EYY
1,EYY
1,FC
1,FC
1,FC
1,FC
1,FC
1,FC
1,FC
1,FGF
1,FGF
1,FGF
1,FGF
1,FGF
1,FGF
1,FGF
1,FGF
1,FGF
1,FGF
1,FGF
1,FKK
1,FKK
1,FKK
1,FLQL
1,FWG
1,FYY
1,FYY
1,GAA
2,GAA
1,GAA
1,GAA
1,GAA
3,GAA
1,GAH
2,GC
1,GC
2,GC
1,GC
2,GC
1,GC
1,GC
1,GC
2,GC
2,GGE
1,GGE
1,GGE
1,GGE
1,GGE
1,GGE
1,GGE
1,GGRP
1,GPE
1,GPE
1,GPE
1,GSH
1,GTW
1,GW
2,GW
2,GW
1,GW
1,GW
2,GW
1,GW
1,GW
3,GW
1,GW
2,GW
1,GW
1,GW
1,GW
1,GW
1,GW
1,GYY
1,HAH
1,HC
1,HC
1,HC
1,HEH
1,HFH
1,HH
1,HH
1,HH
1,HH
1,HIH
1,HIH
1,HIH
1,HIH
1,HIH
1,HIH
1,HIH
1,HIH
1,HIH
2,HL
4,HL
1,HL
2,HL
1,HL
1,HL
1,HL
1,HL
1,HL
1,HL
1,HL
1,HL
1,HL
2,HL
4,HL
1,HL
1,HL
1,HL
2,HL
1,HL
2,HL
1,HL
1,HL
1,HL
1,HL
1,HL
1,HL
1,HL
1,HL
1,HL
1,HL
1,HL
1,HL
1,HL
1,HL
1,HL
1,HLH
1,HLH
1,HLH
1,HLH
1,HLH
1,HLH
1,HLH
1,HLH
1,HLH
1,IHH
1,IKK
1,IKK
2,IKK
1,IKL
1,IKL
1,IKL
1,IKL
1,IKL
1,IQY
2,IQY
2,IR
2,IR
1,IR
2,IR
1,IR
1,IR
1,IR
1,IR
2,IR
1,IR
1,IR
3,IR
4,IR
1,IR
1,IR
2,IR
1,IR
1,IR
2,IR
1,IR
1,IR
2,IR
2,IR
4,IR
1,IR
3,IR
1,IR
1,IR
2,IR
2,IR
2,IR
2,IR
2,IR
1,IRW
1,IRW
1,ISW
1,ISW
1,ISW
1,ISW
1,IY
1,IY
3,IY
2,IY
2,IY
1,IY
1,IY
3,IY
1,IY
4,IY
6,IY
2,IY
1,IY
2,IY
1,IY
4,IY
1,IY
1,IY
2,IY
1,IY
1,IY
1,IY
1,IY
1,IYY
1,IYY
1,KAI
2,KAI
1,KAI
1,KAI
4,KD
1,KD
1,KD
3,KD
1,KD
1,KD
1,KD
2,KD
1,KD
1,KD
3,KD
3,KD
1,KD
1,KD
2,KD
1,KD
1,KD
1,KD
2,KD
3,KD
1,KD
2,KD
3,KD
2,KD
1,KD
2,KD
1,KD
3,KD
4,KD
2,KD
1,KD
1,KD
2,KD
2,KD
1,KD
2,KD
1,KD
2,KD
1,KKY
1,KKY
1,KKY
1,KKY
1,KP
2,KP
1,KP
1,KP
1,KP
1,KP
2,KP
2,KP
2,KP
1,KP
1,KP
1,KP
1,KP
1,KP
1,KP
1,KP
1,KP
2,KP
1,KP
1,KP
3,KP
1,KP
2,KP
1,KP
1,KP
1,KP
1,KP
1,KP
2,KP
1,KP
1,KP
1,KP
1,KP
1,KP
1,KP
1,KP
1,KVI
1,KVI
1,KVI
1,KVI
1,KVI
1,KVI
1,KVI
1,KVI
1,KYL
1,KYL
1,KYL
1,KYY
1,KYY
1,LAF
1,LAF
1,LAF
1,LAF
1,LAF
1,LAN
1,LAN
1,LAN
2,LAN
1,LARL
1,LDY
1,LDY
1,LDY
1,LDY
1,LDY
1,LDY
1,LDY
1,LDY
1,LDY
1,LDY
1,LDY
1,LDY
1,LDY
1,LFC
1,LFV
1,LFV
1,LFV
1,LFV
1,LFV
1,LFV
1,LFV
1,LFV
1,LFV
1,LFV
1,LGF
2,LGF
1,LGF
1,LGF
1,LGF
1,LGY
2,LH
1,LH
2,LH
1,LH
2,LH
1,LH
1,LH
1,LH
1,LH
2,LH
2,LH
1,LH
1,LH
1,LH
1,LH
2,LH
2,LH
2,LH
2,LH
1,LH
3,LH
2,LH
1,LH
1,LH
2,LH
1,LH
2,LH
2,LH
2,LH
1,LHA
1,LHD
1,LHD
1,LHE
1,LHE
2,LHF
1,LHF
1,LHG
1,LHG
1,LHI
1,LHK
1,LHL
1,LHL
1,LHL
1,LHL
1,LHL
1,LHL
1,LHL
1,LHL
1,LHL
1,LHL
1,LHL
1,LHL
1,LHN
1,LHR
1,LHR
1,LHR
1,LHR
1,LHR
1,LHR
1,LHR
1,LHR
1,LHR
1,LHR
1,LHR
1,LHS
1,LHT
1,LHV
1,LHY
1,LHY
4,LK
3,LK
1,LK
3,LK
1,LK
4,LK
1,LK
1,LK
2,LK
3,LK
3,LK
3,LK
2,LK
2,LK
1,LK
1,LK
5,LK
1,LK
6,LK
3,LK
1,LK
3,LK
1,LK
3,LK
1,LK
1,LK
1,LK
3,LK
2,LK
4,LK
3,LK
3,LK
3,LK
1,LK
3,LK
1,LK
7,LK
5,LK
1,LK
2,LK
2,LK
1,LK
3,LK
4,LK
2,LK
1,LK
3,LK
3,LK
1,LKP
1,LKP
1,LKP
1,LLPF
1,LLR
1,LLR
1,LLR
1,LLR
1,LLY
1,LLY
1,LLY
1,LLY
1,LLY
1,LPL
1,LPL
1,LPL
1,LPL
1,LPL
1,LPL
1,LPL
2,LPL
1,LPL
1,LPL
1,LPM
1,LPM
1,LQL
1,LQL
1,LQL
2,LQL
1,LQL
1,LQL
1,LQL
1,LSW
1,LSW
1,LTC
1,LTC
1,LVSK
2,LW
1,LW
1,LW
1,LW
1,LW
1,LW
1,LW
1,LW
1,LW
5,LW
2,LW
1,LW
1,LW
1,LW
1,LW
3,LW
1,LW
1,LW
1,LW
1,LW
1,LW
1,LW
1,LW
1,LW
1,LWA
1,LWE
1,LWG
1,LWG
1,LWH
1,LWH
1,LWH
1,LWI
1,LWI
1,LWI
1,LWK
1,LWK
1,LWK
1,LWK
1,LWK
1,LWK
1,LWK
1,LWK
1,LWK
1,LWM
1,LWN
1,LWN
1,LWR
1,LWS
1,LWS
1,LWT
1,LWT
3,LY
2,LY
3,LY
2,LY
3,LY
2,LY
2,LY
1,LY
2,LY
3,LY
2,LY
1,LY
2,LY
5,LY
2,LY
1,LY
2,LY
3,LY
2,LY
2,LY
1,LY
2,LY
2,LY
2,LY
1,LY
1,LY
2,LY
3,LY
2,LY
1,LY
1,LY
2,LY
1,LY
5,LY
1,LY
3,LY
2,LY
1,LY
2,LY
1,LY
1,LY
2,LY
1,LYY
1,LYY
1,LYY
1,MEMK
1,MM
1,MM
1,MM
1,MM
1,MM
2,MM
1,MM
1,MM
1,MWC
1,MY
2,MY
1,MY
1,MY
1,MY
1,MY
1,MY
1,MY
1,MY
1,MY
1,MY
1,MY
1,MY
1,MY
1,MY
1,MY
1,MY
1,MY
1,MY
1,NHK
1,NHK
1,NHK
1,NHK
1,NKGPR
1,NYY
1,NYY
1,PEL
1,PHE
1,PHF
1,PHF
1,PHG
1,PHK
1,PHL
1,PHL
1,PHL
1,PHS
1,PHV
1,PHV
1,PW
2,PW
1,PW
1,PW
2,PW
1,PW
1,PW
1,PW
1,PW
1,PW
1,PWD
1,PWI
1,PWL
1,PWL
1,PWN
1,PWQ
1,PWR
1,PWS
1,PWV
1,PWV
1,PWY
1,PYY
1,QCL
1,QCL
1,RDY
1,RHA
1,RHG
1,RHG
1,RHK
1,RHL
1,RHL
1,RHL
1,RHL
1,RHQ
1,RHQ
1,RHR
1,RHV
1,RHY
1,RW
1,RW
1,RW
1,RW
1,RW
1,RW
1,RW
1,RW
1,RW
2,RW
1,RW
2,RW
1,RW
2,RW
1,RW
1,RW
1,RW
1,RW
1,RWH
1,RWI
1,RWL
1,RWN
1,RWR
1,RWR
1,RWR
1,RWR
1,RWW
1,RWY
1,RY
1,RY
1,RY
1,RY
1,RY
1,RY
1,RY
1,RY
1,RY
1,RY
1,RY
1,RY
1,RY
3,RY
1,RY
1,RY
2,RY
1,RY
1,RY
1,RY
1,RY
1,RY
1,RY
1,RY
1,RY
1,RY
1,RY
1,RY
1,RY
1,RYL
1,RYL
1,RYL
1,RYL
1,RYL
1,RYL
1,RYQ
1,SDF
1,SDF
1,SHH
1,SVL
1,SVL
1,SVL
1,SVL
1,SVL
1,SVL
1,SVL
1,SVL
1,SWN
1,SYY
1,SYY
1,TFE
1,TFE
1,TFE
1,TW
1,TW
1,TW
1,TW
1,TW
1,TW
1,TW
1,TW
1,TW
1,TW
1,TW
1,TW
1,TW
1,TW
1,TW
1,TW
1,TW
1,TW
1,TY
1,TY
1,TY
1,TY
1,TY
1,TY
1,TY
1,TY
1,TY
1,TY
1,TY
1,TY
1,TY
1,TY
2,TY
1,TY
2,TY
1,TY
1,TY
1,TY
1,TY
1,TY
1,TY
1,TY
1,TY
1,TY
1,TY
1,TY
1,TY
1,TYY
1,VFL
1,VFL
1,VFL
1,VFL
1,VGDI
1,VGGRP
1,VHH
1,VKL
1,VKP
1,VKP
1,VKP
1,VKP
1,VKP
1,VKP
1,VKP
1,VKP
1,VKP
1,VKP
1,VKV
1,VKV
1,VW
3,VW
1,VW
2,VW
1,VW
1,VW
1,VW
1,VW
1,VW
1,VW
1,VW
1,VW
1,VW
1,VW
1,VW
1,VW
1,VW
1,VW
1,VY
1,VY
1,VY
1,VY
1,VY
1,VY
1,VY
1,VY
1,VY
1,VY
1,VY
1,VY
3,VY
1,VY
1,VY
1,VY
2,VY
1,VY
1,VY
1,VY
1,VY
1,VY
1,VY
1,VY
1,VY
1,VY
1,VY
2,VY
1,VY
1,VYV
1,VYV
1,VYY
1,WG
1,WG
1,WG
1,WG
2,WG
1,WG
1,WG
1,WG
1,WG
1,WG
1,WG
1,WG
1,WLP
1,WPL
1,WY
1,WY
2,WY
1,WY
1,WY
1,WYT
1,YA
2,YA
2,YA
1,YA
1,YA
1,YA
1,YA
1,YA
2,YA
1,YA
1,YA
1,YA
1,YA
1,YA
1,YA
1,YA
1,YA
1,YA
1,YA
1,YA
1,YA
1,YA
1,YA
1,YA
3,YA
1,YA
1,YAY
1,YDY
1,YDY
1,YDY
1,YDY
1,YEY
1,YF
1,YF
1,YF
1,YF
1,YF
2,YF
1,YF
1,YF
1,YF
4,YF
2,YF
1,YF
4,YF
1,YF
1,YF
1,YF
1,YF
1,YF
3,YF
1,YF
1,YF
1,YF
1,YF
1,YF
1,YF
1,YF
1,YF
1,YF
1,YF
1,YF
1,YF
1,YF
1,YF
1,YFY
1,YFY
1,YGFL
1,YGLF
1,YGY
1,YGY
1,YIY
1,YKY
1,YLG
1,YLG
1,YLG
1,YLG
1,YLG
1,YLG
1,YLG
1,YLG
1,YLG
1,YLG
1,YLG
1,YLKT
1,YLKT
1,YLKT
1,YLKT
1,YLKT
1,YLKT
1,YLKT
1,YLKT
1,YLKT
1,YLL
1,YLL
1,YLL
1,YLL
1,YLY
1,YLY
1,YLY
1,YNI
1,YNI
1,YNI
1,YNL
1,YNY
1,YPQ
1,YQL
1,YQL
1,YQL
1,YSQ
1,YSQ
1,YSQ
1,YSQ
1,YSY
1,YSY
1,YSY
1,YVL
2,YVL
1,YYA
1,YYF
1,YYF
1,YYG
1,YYI
1,YYI
1,YYL
1,YYL
1,YYL
1,YYN
1,YYQ
1,YYR
1,YYR
1,YYS
1,YYS
1,YYS
1,YYT
1,YYV
1,YYV
1,YYV
1,YYW
