peptide,frequency,length
LK,192,2
KD,152,2
LY,126,2
HL,72,2
IR,66,2
LH,58,2
LW,48,2
EL,41,2
AY,37,2
KP,36,2
YF,33,2
RY,29,2
TY,29,2
VY,29,2
AH,26,2
YA,26,2
IY,23,2
MY,19,2
AW,18,2
GC,18,2
RW,18,2
TW,18,2
VW,18,2
GW,16,2
WG,12,2
PW,10,2
MM,8,2
FC,7,2
WY,5,2
HH,4,2
HC,3,2
CW,1,2
AYI,14,3
GGE,14,3
LDY,13,3
LHL,12,3
ERF,11,3
FGF,11,3
LHR,11,3
YLG,11,3
LFV,10,3
LPL,10,3
VKP,10,3
ADF,9,3
HIH,9,3
HLH,9,3
LWK,9,3
KVI,8,3
SVL,8,3
LQL,7,3
GAA,6,3
RYL,6,3
IKL,5,3
LAF,5,3
LGF,5,3
LLY,5,3
ISW,4,3
KAI,4,3
KKY,4,3
LAN,4,3
LHF,4,3
LLR,4,3
NHK,4,3
RHL,4,3
RWR,4,3
VFL,4,3
YDY,4,3
YLL,4,3
YSQ,4,3
FKK,3,3
GPE,3,3
IKK,3,3
KYL,3,3
LKP,3,3
LWH,3,3
LWI,3,3
LYY,3,3
PHL,3,3
TFE,3,3
YLY,3,3
YNI,3,3
YQL,3,3
YSY,3,3
YYL,3,3
YYS,3,3
YYV,3,3
ACA,2,3
EAK,2,3
EYY,2,3
FYY,2,3
IQY,2,3
IRW,2,3
IYY,2,3
KYY,2,3
LHD,2,3
LHE,2,3
LHG,2,3
LHY,2,3
LPM,2,3
LSW,2,3
LTC,2,3
LWG,2,3
LWN,2,3
LWS,2,3
LWT,2,3
NYY,2,3
PHF,2,3
PHV,2,3
PWL,2,3
PWV,2,3
QCL,2,3
RHG,2,3
RHQ,2,3
SDF,2,3
SYY,2,3
VKV,2,3
VYV,2,3
YFY,2,3
YGY,2,3
YVL,2,3
YYF,2,3
YYI,2,3
YYR,2,3
AHH,1,3
AHK,1,3
CAQ,1,3
CGA,1,3
CHI,1,3
CLV,1,3
CYY,1,3
DYK,1,3
DYY,1,3
EYW,1,3
FWG,1,3
GAH,1,3
GSH,1,3
GTW,1,3
GYY,1,3
HAH,1,3
HEH,1,3
HFH,1,3
IHH,1,3
LFC,1,3
LGY,1,3
LHA,1,3
LHI,1,3
LHK,1,3
LHN,1,3
LHS,1,3
LHT,1,3
LHV,1,3
LWA,1,3
LWE,1,3
LWM,1,3
LWR,1,3
MWC,1,3
PEL,1,3
PHE,1,3
PHG,1,3
PHK,1,3
PHS,1,3
PWD,1,3
PWI,1,3
PWN,1,3
PWQ,1,3
PWR,1,3
PWS,1,3
PWY,1,3
PYY,1,3
RDY,1,3
RHA,1,3
RHK,1,3
RHR,1,3
RHV,1,3
RHY,1,3
RWH,1,3
RWI,1,3
RWL,1,3
RWN,1,3
RWW,1,3
RWY,1,3
RYQ,1,3
SHH,1,3
SWN,1,3
TYY,1,3
VHH,1,3
VKL,1,3
VYY,1,3
WLP,1,3
WPL,1,3
WYT,1,3
YAY,1,3
YEY,1,3
YIY,1,3
YKY,1,3
YNL,1,3
YNY,1,3
YPQ,1,3
YYA,1,3
YYG,1,3
YYN,1,3
YYQ,1,3
YYT,1,3
YYW,1,3
YLKT,9,4
AYPS,1,4
EFLQ,1,4
ELLI,1,4
FLQL,1,4
GGRP,1,4
LARL,1,4
LLPF,1,4
LVSK,1,4
MEMK,1,4
VGDI,1,4
YGFL,1,4
YGLF,1,4
NKGPR,1,5
VGGRP,1,5
